Metric,Value
F Statistic,9.062225672396451
P Value,2.5753989847992687e-07
