Feature,Importance
Direction,0.5283226627473444
Coin,0.16701032874810656
Fee,0.12046890729214821
Size USD,0.10957133035317519
Side,0.05378743937772862
Classification,0.02083933148149708
