Classification,Win Rate (%)
Extreme Fear,37.0607476635514
Extreme Greed,46.49429885977195
Fear,42.07675016575836
Greed,38.48279426674354
Neutral,39.69909250119408
Unknown,100.0
